1-8\n03_m03_L200,1836655066.9886208
1-8\n05_m05_L200,1809939215.256472
1-8\n07_m07_L200,1800862521.7643368
1-8\n09_m09_L200,Error
1-8\n12_m12_L200,Error
1-8\n15_m15_L200,Error
1-8\n18_m18_L200,Error
1-8\n21_m21_L200,Error
17-24\n03_m01_L200,1710173859.3298788
17-24\n06_m02_L200,Error
17-24\n09_m03_L200,881691370.5026765
17-24\n12_m04_L200,Error
17-24\n15_m05_L200,Error
17-24\n18_m06_L200,Error
17-24\n21_m07_L200,Error
17-24\n24_m08_L200,Error
9-16\n03_m00_L200,1718051178.2117362
9-16\n05_m00_L200,1723249953.3635044
9-16\n07_m00_L200,1709641107.3388102
9-16\n09_m00_L200,1708325137.7208252
9-16\n12_m00_L200,1707311261.652473
9-16\n15_m00_L200,Error
9-16\n18_m00_L200,Error
9-16\n21_m00_L200,Error
